ctb name;project name;;;
_RTW.ctb;TP 261 Markthal;;;
711 200 GA v2010.ctb;TP 376 Balancing Barn - Suffolk House;;;
acad.ctb;TP 261 Markthal;;;
brakel.ctb;TP 254 Marktgebouw Schijndel;;;
brakelA0A3.ctb;TP 254 Marktgebouw Schijndel;;;
Cite Clime.ctb;TP 221 Cité Climé cite clime;;;
D2SCAD.ctb;TP 254 Marktgebouw Schijndel;;;
DELTAPI-1.CTB;TP 261 Markthal;;;
DELTAPI-3.CTB;TP 261 Markthal;;;
deltapi0.ctb;TP 261 Markthal;;;
DELTAPI2.CTB;TP 261 Markthal;;;
MVRDV 0.12.ctb;"TP 236 DnB NOR
TP 400 Yonsei
TP 334 Parco Monteluce";;;
MVRDV color.ctb;TP 054 Nieuw Leyden;;;
MVRDV color2.ctb;TP 054 Nieuw Leyden;;;
MVRDV Standaard mod.ctb;TP 393 Apraksin Dvor St. Petersburg;;;
MVRDV Standaard.ctb;"TP 267 Tianjin Solo
TP 272 TEDA
TP 272 TEDA
TP 098 Buurt Ne9en ALL
TP 236 DnB NOR
TP 400 Yonsei
TP 367 Cleveland Institute of Art
TP 305 Busan Cinema Complex
TP 098a Buurt Ne9en dwg DO
TP 367 Cleveland Institute of Art
TP 367 Cleveland Institute of Art
TP 314 Jinhua";;;
MVRDV standard.ctb;TP 212 Huis Hunting;;;
pdf.CTB;TP 261 Markthal;;;
tekening1op200.ctb;TP 254 Marktgebouw Schijndel;;;
Unica.ctb;TP 261 Markthal;;;
